start - 2026.2.19-12.44.6.270; 1771505046; 
start - empty00-  2026.2.19-12.44.6.271; 1771505046;
start - demo02_empty -  2026.2.19-12.46.32.237 ; 1771505192 ; 
start - demo03_empty -  2026.2.19-12.47.46.830 ; 1771505266 ; 
start - empty00-  2026.2.19-12.48.59.417; 1771505339;
start - Level00_NE_point -  2026.2.19-12.49.6.7 ; 1771505346 ; rep = 0 ; 
start - Level01_NE_point -  2026.2.19-12.49.43.615 ; 1771505383 ; rep = 0 ; 
start - Level02_NE_point -  2026.2.19-12.50.1.833 ; 1771505401 ; rep = 0 ; 
start - Level03_NE_point -  2026.2.19-12.50.20.842 ; 1771505420 ; rep = 0 ; 
start - Level04_NE_point -  2026.2.19-12.50.58.465 ; 1771505458 ; rep = 0 ; 
start - Level05_NE_point -  2026.2.19-12.51.11.351 ; 1771505471 ; rep = 0 ; 
start - Level06_NE_point -  2026.2.19-12.51.37.551 ; 1771505497 ; rep = 0 ; 
start - Level07_NE_point -  2026.2.19-12.51.52.357 ; 1771505512 ; rep = 0 ; 
start - empty00-  2026.2.19-12.52.10.761; 1771505530;
start - Level00_ES_point -  2026.2.19-12.59.19.275 ; 1771505959 ; rep = 0 ; 
start - Level01_ES_point -  2026.2.19-13.0.1.582 ; 1771506001 ; rep = 0 ; 
start - Level02_ES_point -  2026.2.19-13.0.19.149 ; 1771506019 ; rep = 0 ; 
start - Level03_ES_point -  2026.2.19-13.0.35.600 ; 1771506035 ; rep = 0 ; 
start - Level04_ES_point -  2026.2.19-13.1.6.430 ; 1771506066 ; rep = 0 ; 
start - Level05_ES_point -  2026.2.19-13.1.21.378 ; 1771506081 ; rep = 0 ; 
start - Level06_ES_point -  2026.2.19-13.1.57.89 ; 1771506117 ; rep = 0 ; 
start - Level07_ES_point -  2026.2.19-13.2.10.696 ; 1771506130 ; rep = 0 ; 
start - empty00-  2026.2.19-13.2.27.305; 1771506147;
start - Level00_NE_point_empty -  2026.2.19-13.7.42.352 ; 1771506462 ; rep = 0 ; 
start - Level01_NE_point_empty -  2026.2.19-13.8.21.456 ; 1771506501 ; rep = 0 ; 
start - Level02_NE_point_empty -  2026.2.19-13.8.38.354 ; 1771506518 ; rep = 0 ; 
start - Level03_NE_point_empty -  2026.2.19-13.8.53.531 ; 1771506533 ; rep = 0 ; 
start - Level04_NE_point_empty -  2026.2.19-13.9.20.304 ; 1771506560 ; rep = 0 ; 
start - Level05_NE_point_empty -  2026.2.19-13.9.33.395 ; 1771506573 ; rep = 0 ; 
start - Level06_NE_point_empty -  2026.2.19-13.10.2.309 ; 1771506602 ; rep = 0 ; 
start - Level07_NE_point_empty -  2026.2.19-13.10.17.381 ; 1771506617 ; rep = 0 ; 
start - empty00-  2026.2.19-13.10.34.732; 1771506634;
start - Level00_ES_point_empty -  2026.2.19-13.15.5.213 ; 1771506905 ; rep = 0 ; 
start - Level01_ES_point_empty -  2026.2.19-13.15.44.572 ; 1771506944 ; rep = 0 ; 
start - Level02_ES_point_empty -  2026.2.19-13.16.1.393 ; 1771506961 ; rep = 0 ; 
start - Level03_ES_point_empty -  2026.2.19-13.16.17.847 ; 1771506977 ; rep = 0 ; 
start - Level04_ES_point_empty -  2026.2.19-13.16.47.959 ; 1771507007 ; rep = 0 ; 
start - Level05_ES_point_empty -  2026.2.19-13.17.1.567 ; 1771507021 ; rep = 0 ; 
start - Level06_ES_point_empty -  2026.2.19-13.17.29.460 ; 1771507049 ; rep = 0 ; 
start - Level07_ES_point_empty -  2026.2.19-13.17.46.412 ; 1771507066 ; rep = 0 ; 
start - empty00-  2026.2.19-13.18.3.77; 1771507083;
start - empty00-  2026.2.19-13.22.28.635; 1771507348;
start - demo02_empty -  2026.2.19-13.22.33.285 ; 1771507353 ; 
start - demo03_empty -  2026.2.19-13.22.33.836 ; 1771507353 ; 
start - empty00-  2026.2.19-13.22.35.40; 1771507355;
start - Level00_NE_point -  2026.2.19-13.22.38.962 ; 1771507358 ; rep = 1 ; 
start - Level01_NE_point -  2026.2.19-13.23.19.199 ; 1771507399 ; rep = 1 ; 
start - Level02_NE_point -  2026.2.19-13.23.35.313 ; 1771507415 ; rep = 1 ; 
start - Level03_NE_point -  2026.2.19-13.23.49.972 ; 1771507429 ; rep = 1 ; 
start - Level04_NE_point -  2026.2.19-13.24.19.530 ; 1771507459 ; rep = 1 ; 
start - Level05_NE_point -  2026.2.19-13.24.35.802 ; 1771507475 ; rep = 1 ; 
start - Level06_NE_point -  2026.2.19-13.25.3.147 ; 1771507503 ; rep = 1 ; 
start - Level07_NE_point -  2026.2.19-13.25.17.462 ; 1771507517 ; rep = 1 ; 
start - empty00-  2026.2.19-13.25.35.942; 1771507535;
start - Level00_ES_point -  2026.2.19-13.27.1.387 ; 1771507621 ; rep = 1 ; 
start - Level01_ES_point -  2026.2.19-13.27.43.59 ; 1771507663 ; rep = 1 ; 
start - Level02_ES_point -  2026.2.19-13.27.58.385 ; 1771507678 ; rep = 1 ; 
start - Level03_ES_point -  2026.2.19-13.28.12.533 ; 1771507692 ; rep = 1 ; 
start - Level04_ES_point -  2026.2.19-13.28.39.97 ; 1771507719 ; rep = 1 ; 
start - Level05_ES_point -  2026.2.19-13.28.54.119 ; 1771507734 ; rep = 1 ; 
start - Level06_ES_point -  2026.2.19-13.29.20.301 ; 1771507760 ; rep = 1 ; 
start - Level07_ES_point -  2026.2.19-13.29.33.212 ; 1771507773 ; rep = 1 ; 
start - empty00-  2026.2.19-13.29.49.302; 1771507789;
start - Level00_NE_point_empty -  2026.2.19-13.31.8.305 ; 1771507868 ; rep = 1 ; 
start - Level01_NE_point_empty -  2026.2.19-13.31.48.305 ; 1771507908 ; rep = 1 ; 
start - Level02_NE_point_empty -  2026.2.19-13.32.5.298 ; 1771507925 ; rep = 1 ; 
start - Level03_NE_point_empty -  2026.2.19-13.32.20.389 ; 1771507940 ; rep = 1 ; 
start - Level04_NE_point_empty -  2026.2.19-13.32.47.324 ; 1771507967 ; rep = 1 ; 
start - Level05_NE_point_empty -  2026.2.19-13.33.3.807 ; 1771507983 ; rep = 1 ; 
start - Level06_NE_point_empty -  2026.2.19-13.33.32.999 ; 1771508012 ; rep = 1 ; 
start - Level07_NE_point_empty -  2026.2.19-13.33.49.749 ; 1771508029 ; rep = 1 ; 
start - empty00-  2026.2.19-13.34.8.221; 1771508048;
start - Level00_ES_point_empty -  2026.2.19-13.35.21.205 ; 1771508121 ; rep = 1 ; 
start - Level01_ES_point_empty -  2026.2.19-13.36.3.567 ; 1771508163 ; rep = 1 ; 
start - Level02_ES_point_empty -  2026.2.19-13.36.22.27 ; 1771508182 ; rep = 1 ; 
start - Level03_ES_point_empty -  2026.2.19-13.36.38.497 ; 1771508198 ; rep = 1 ; 
start - Level04_ES_point_empty -  2026.2.19-13.37.7.51 ; 1771508227 ; rep = 1 ; 
start - Level05_ES_point_empty -  2026.2.19-13.37.21.967 ; 1771508241 ; rep = 1 ; 
start - Level06_ES_point_empty -  2026.2.19-13.37.51.500 ; 1771508271 ; rep = 1 ; 
start - Level07_ES_point_empty -  2026.2.19-13.38.6.935 ; 1771508286 ; rep = 1 ; 
start - empty00-  2026.2.19-13.38.22.636; 1771508302;
