start - 2026.3.4-14.4.37.830; 1772633077; 
start - empty00-  2026.3.4-14.4.37.830; 1772633077;
start - demo02_empty -  2026.3.4-14.5.10.625 ; 1772633110 ; 
start - demo03_empty -  2026.3.4-14.6.6.641 ; 1772633166 ; 
start - empty00-  2026.3.4-14.20.9.44; 1772634009;
start - Level00_ES_point -  2026.3.4-14.23.21.723 ; 1772634201 ; rep = 0 ; 
start - Level01_ES_point -  2026.3.4-14.24.8.210 ; 1772634248 ; rep = 0 ; 
start - Level02_ES_point -  2026.3.4-14.24.33.78 ; 1772634273 ; rep = 0 ; 
start - Level03_ES_point -  2026.3.4-14.25.4.438 ; 1772634304 ; rep = 0 ; 
start - Level04_ES_point -  2026.3.4-14.25.36.623 ; 1772634336 ; rep = 0 ; 
start - Level05_ES_point -  2026.3.4-14.25.57.282 ; 1772634357 ; rep = 0 ; 
start - Level06_ES_point -  2026.3.4-14.26.31.132 ; 1772634391 ; rep = 0 ; 
start - Level07_ES_point -  2026.3.4-14.26.51.450 ; 1772634411 ; rep = 0 ; 
start - empty00-  2026.3.4-14.27.15.326; 1772634435;
start - Level00_NE_point -  2026.3.4-14.32.2.485 ; 1772634722 ; rep = 0 ; 
start - Level01_NE_point -  2026.3.4-14.32.50.67 ; 1772634770 ; rep = 0 ; 
start - Level02_NE_point -  2026.3.4-14.33.13.350 ; 1772634793 ; rep = 0 ; 
start - Level03_NE_point -  2026.3.4-14.33.40.970 ; 1772634820 ; rep = 0 ; 
start - Level04_NE_point -  2026.3.4-14.34.11.582 ; 1772634851 ; rep = 0 ; 
start - Level05_NE_point -  2026.3.4-14.34.33.575 ; 1772634873 ; rep = 0 ; 
start - Level06_NE_point -  2026.3.4-14.35.7.497 ; 1772634907 ; rep = 0 ; 
start - Level07_NE_point -  2026.3.4-14.35.34.414 ; 1772634934 ; rep = 0 ; 
start - empty00-  2026.3.4-14.35.55.476; 1772634955;
start - empty00-  2026.3.4-14.38.22.143; 1772635102;
start - demo02_empty -  2026.3.4-14.38.22.836 ; 1772635102 ; 
start - demo03_empty -  2026.3.4-14.38.31.62 ; 1772635111 ; 
start - empty00-  2026.3.4-14.38.32.350; 1772635112;
start - Level00_ES_point_empty -  2026.3.4-14.38.34.423 ; 1772635114 ; rep = 0 ; 
start - Level01_ES_point_empty -  2026.3.4-14.39.22.353 ; 1772635162 ; rep = 0 ; 
start - Level02_ES_point_empty -  2026.3.4-14.39.45.979 ; 1772635185 ; rep = 0 ; 
start - Level03_ES_point_empty -  2026.3.4-14.40.8.138 ; 1772635208 ; rep = 0 ; 
start - Level04_ES_point_empty -  2026.3.4-14.40.37.105 ; 1772635237 ; rep = 0 ; 
start - Level05_ES_point_empty -  2026.3.4-14.40.58.96 ; 1772635258 ; rep = 0 ; 
start - Level06_ES_point_empty -  2026.3.4-14.41.29.921 ; 1772635289 ; rep = 0 ; 
start - Level07_ES_point_empty -  2026.3.4-14.41.53.438 ; 1772635313 ; rep = 0 ; 
start - empty00-  2026.3.4-14.42.13.840; 1772635333;
start - Level00_NE_point_empty -  2026.3.4-14.43.42.644 ; 1772635422 ; rep = 0 ; 
start - Level01_NE_point_empty -  2026.3.4-14.44.29.103 ; 1772635469 ; rep = 0 ; 
start - Level02_NE_point_empty -  2026.3.4-14.44.51.315 ; 1772635491 ; rep = 0 ; 
start - Level03_NE_point_empty -  2026.3.4-14.45.14.545 ; 1772635514 ; rep = 0 ; 
start - Level04_NE_point_empty -  2026.3.4-14.45.44.198 ; 1772635544 ; rep = 0 ; 
start - Level05_NE_point_empty -  2026.3.4-14.46.4.894 ; 1772635564 ; rep = 0 ; 
start - Level06_NE_point_empty -  2026.3.4-14.46.38.138 ; 1772635598 ; rep = 0 ; 
start - Level07_NE_point_empty -  2026.3.4-14.46.59.0 ; 1772635619 ; rep = 0 ; 
start - empty00-  2026.3.4-14.47.19.758; 1772635639;
start - Level00_ES_point -  2026.3.4-14.49.0.881 ; 1772635740 ; rep = 1 ; 
start - Level01_ES_point -  2026.3.4-14.49.46.652 ; 1772635786 ; rep = 1 ; 
start - Level02_ES_point -  2026.3.4-14.50.8.366 ; 1772635808 ; rep = 1 ; 
start - Level03_ES_point -  2026.3.4-14.50.28.96 ; 1772635828 ; rep = 1 ; 
start - Level04_ES_point -  2026.3.4-14.50.58.607 ; 1772635858 ; rep = 1 ; 
start - Level05_ES_point -  2026.3.4-14.51.15.951 ; 1772635875 ; rep = 1 ; 
start - Level06_ES_point -  2026.3.4-14.51.48.799 ; 1772635908 ; rep = 1 ; 
start - Level07_ES_point -  2026.3.4-14.52.7.690 ; 1772635927 ; rep = 1 ; 
start - empty00-  2026.3.4-14.52.28.221; 1772635948;
start - empty00-  2026.3.4-14.55.29.592; 1772636129;
start - Level00_NE_point -  2026.3.4-14.55.37.301 ; 1772636137 ; rep = 0 ; 
start - Level01_NE_point -  2026.3.4-14.56.23.685 ; 1772636183 ; rep = 0 ; 
start - Level02_NE_point -  2026.3.4-14.56.46.480 ; 1772636206 ; rep = 0 ; 
start - Level03_NE_point -  2026.3.4-14.57.7.296 ; 1772636227 ; rep = 0 ; 
start - Level04_NE_point -  2026.3.4-14.57.35.89 ; 1772636255 ; rep = 0 ; 
start - Level05_NE_point -  2026.3.4-14.57.52.686 ; 1772636272 ; rep = 0 ; 
start - Level06_NE_point -  2026.3.4-14.58.23.893 ; 1772636303 ; rep = 0 ; 
start - Level07_NE_point -  2026.3.4-14.58.43.659 ; 1772636323 ; rep = 0 ; 
start - empty00-  2026.3.4-14.59.3.760; 1772636343;

